<?xml version='1.0'?>
<preferences>
    <standard-preferences>
        <all-instances>
            <preference preference-id='CategoryChangeFrequency'>daily</preference>
            <preference preference-id='CategoryPriority'>0.5</preference>
            <preference preference-id='ContentChangeFrequency'>daily</preference>
            <preference preference-id='ContentPriority'>0.5</preference>
            <preference preference-id='CouponGeneratorIncludeDashes'>true</preference>
            <preference preference-id='CouponGeneratorIncludeVowels'>true</preference>
            <preference preference-id='EnableSiteOrderNumbers'>false</preference>
            <preference preference-id='GiftCertificateCodeMasked'>1</preference>
            <preference preference-id='GiftCertificateEmailTemplate'>marketing/giftcertificateemail.isml</preference>
            <preference preference-id='GiftCertificateExportMerchantID'>0</preference>
            <preference preference-id='GiftCertificateSenderEmail'>support@demandware.com</preference>
            <preference preference-id='GiftCertificateSenderName'>Customer Support</preference>
            <preference preference-id='IntegrationOrderCenterIncludeSite'>true</preference>
            <preference preference-id='MaxURLsPerFile'>5000</preference>
            <preference preference-id='OrderEditExportDelay'>30</preference>
            <preference preference-id='OrderExportDelay'>30</preference>
            <preference preference-id='OrderIPLoggingEnabled'>true</preference>
            <preference preference-id='OrderLifetime'>0</preference>
            <preference preference-id='PaymentAccountNumberLifetime'>0</preference>
            <preference preference-id='ProductChangeFrequency'>daily</preference>
            <preference preference-id='ProductPriority'>0.5</preference>
            <preference preference-id='SiteCatalog'>storefront-catalog-en</preference>
            <preference preference-id='SiteCurrencies'>USD:EUR:JPY:CNY</preference>
            <preference preference-id='SiteCustomerList'>SiteGenesis</preference>
            <preference preference-id='SiteDefaultLocale'>en_US</preference>
            <preference preference-id='SiteInventoryList'>inventory</preference>
            <preference preference-id='SiteLibrary'>SiteGenesisSharedLibrary</preference>
            <preference preference-id='SiteLocales'>default:en_US</preference>
            <preference preference-id='SitePriceBooks'>cny-list-prices:cny-sale-prices:eur-list-prices:eur-sale-prices:jpy-list-prices:jpy-sale-prices:usd-list-prices:usd-sale-prices</preference>
            <preference preference-id='SiteTimezone'>Etc/UTC</preference>
            <preference preference-id='StorefrontURLsEnabled'>true</preference>
        </all-instances>
        <development>
            <preference preference-id='AddProductToBasketBehavior'>CCFREESHIP37</preference>
            <preference preference-id='AvailabilityFiltering'>Disabled</preference>
            <preference preference-id='AvailabilityLowRankingThreshold'>0.0</preference>
            <preference preference-id='RobotsTxtMode'>Cartridge</preference>
            <preference preference-id='SearchSuggestions'>Disabled</preference>
        </development>
        <staging>
            <preference preference-id='AddProductToBasketBehavior'>CCFREE</preference>
            <preference preference-id='AvailabilityFiltering'>Disabled</preference>
            <preference preference-id='AvailabilityLowRankingThreshold'>0.0</preference>
            <preference preference-id='RobotsTxtMode'>Cartridge</preference>
            <preference preference-id='SearchSuggestions'>Enabled</preference>
        </staging>
        <production>
            <preference preference-id='AddProductToBasketBehavior'>CCFREESHIP37</preference>
            <preference preference-id='AvailabilityFiltering'>Disabled</preference>
            <preference preference-id='AvailabilityLowRankingThreshold'>0.0</preference>
            <preference preference-id='RobotsTxtMode'>Cartridge</preference>
            <preference preference-id='SearchSuggestions'>Disabled</preference>
        </production>
    </standard-preferences>
    <custom-preferences>
        <all-instances/>
        <development>
            <preference preference-id='EU_VAT'>100</preference>
            <preference preference-id='FreeShippingCouponCode'>CCFREESHIP37</preference>
            <preference preference-id='PayPalAPIPassword'>1234567</preference>
            <preference preference-id='PayPalAPIUsername'>merchant.epam1.ua</preference>
            <preference preference-id='PayPalGetBillingAddress'>true</preference>
            <preference preference-id='PayPalMobilTransactionCommit'>true</preference>
            <preference preference-id='PayPalPaymentAction'>Authorization</preference>
            <preference preference-id='PayPalSignature'>adsfri4-0329iut3wpjsdlkjrp13-4r85w2q0-irwsrfjsakjfsdaas</preference>
            <preference preference-id='PaypalEnabled'>true</preference>
        </development>
        <staging>
            <preference preference-id='FreeShippingCouponCode'>CCFREE</preference>
        </staging>
        <production>
            <preference preference-id='FreeShippingCouponCode'>CCFREESHIP37</preference>
        </production>
    </custom-preferences>
</preferences>