<?xml version='1.0'?>
<preferences>
    <standard-preferences>
        <all-instances>
            <preference preference-id='CategoryChangeFrequency'>daily</preference>
            <preference preference-id='CategoryPriority'>0.5</preference>
            <preference preference-id='ContentChangeFrequency'>daily</preference>
            <preference preference-id='ContentPriority'>0.5</preference>
            <preference preference-id='CouponGeneratorIncludeDashes'>true</preference>
            <preference preference-id='CouponGeneratorIncludeVowels'>true</preference>
            <preference preference-id='EnableSiteOrderNumbers'>false</preference>
            <preference preference-id='IntegrationOrderCenterIncludeSite'>true</preference>
            <preference preference-id='MaxURLsPerFile'>5000</preference>
            <preference preference-id='OrderEditExportDelay'>30</preference>
            <preference preference-id='OrderExportDelay'>30</preference>
            <preference preference-id='OrderIPLoggingEnabled'>true</preference>
            <preference preference-id='OrderLifetime'>0</preference>
            <preference preference-id='PaymentAccountNumberLifetime'>0</preference>
            <preference preference-id='ProductChangeFrequency'>daily</preference>
            <preference preference-id='ProductPriority'>0.5</preference>
            <preference preference-id='SiteCatalog'>storefront-catalog-non-en</preference>
            <preference preference-id='SiteCurrencies'>EUR:JPY:CNY:GBP</preference>
            <preference preference-id='SiteCustomerList'>SiteGenesis</preference>
            <preference preference-id='SiteDefaultLocale'>en_GB</preference>
            <preference preference-id='SiteInventoryList'>inventory</preference>
            <preference preference-id='SiteLibrary'>SiteGenesisSharedLibrary</preference>
            <preference preference-id='SiteLocales'>en_GB:fr_FR:ja_JP:zh_CN:default:it_IT</preference>
            <preference preference-id='SitePriceBooks'>cny-list-prices:cny-sale-prices:eur-list-prices:eur-sale-prices:gbp-list-prices:gbp-sale-prices:jpy-list-prices:jpy-sale-prices:usd-list-prices:usd-sale-prices</preference>
            <preference preference-id='SiteTimezone'>Etc/UTC</preference>
            <preference preference-id='StorefrontURLsEnabled'>true</preference>
        </all-instances>
        <development>
            <preference preference-id='AvailabilityFiltering'>Disabled</preference>
            <preference preference-id='AvailabilityLowRankingThreshold'>0.0</preference>
            <preference preference-id='RobotsTxtMode'>Cartridge</preference>
            <preference preference-id='SearchSuggestions'>Disabled</preference>
        </development>
        <staging>
            <preference preference-id='AvailabilityFiltering'>Disabled</preference>
            <preference preference-id='AvailabilityLowRankingThreshold'>0.0</preference>
            <preference preference-id='RobotsTxtMode'>Cartridge</preference>
            <preference preference-id='SearchSuggestions'>Enabled</preference>
        </staging>
        <production>
            <preference preference-id='AvailabilityFiltering'>Disabled</preference>
            <preference preference-id='AvailabilityLowRankingThreshold'>0.0</preference>
            <preference preference-id='RobotsTxtMode'>Cartridge</preference>
            <preference preference-id='SearchSuggestions'>Disabled</preference>
        </production>
    </standard-preferences>
    <custom-preferences>
        <all-instances/>
        <development>
            <preference preference-id='disableResponsiveDesign'>false</preference>
            <preference preference-id='enableInfiniteScroll'>false</preference>
            <preference preference-id='enableMultiShipping'>false</preference>
            <preference preference-id='enableStorePickUp'>false</preference>
        </development>
        <staging>
            <preference preference-id='disableResponsiveDesign'>false</preference>
            <preference preference-id='slideshoweffect'>growX</preference>
        </staging>
        <production/>
    </custom-preferences>
</preferences>